[
  {
    "line": 3,
    "elements": [
      {
        "start_timestamp": "2020-10-18T06:11:05.415Z",
        "before": [
          {
            "result": {
              "duration": 2000000,
              "status": "passed"
            },
            "match": {
              "location": "br.sp.fmatos.appium.steps.Hooks.before(io.cucumber.java.Scenario)"
            }
          }
        ],
        "line": 58,
        "name": "05 - FORMULARIO - Preencher cadastro e Salvar e Salvar Demorado",
        "description": "",
        "id": "formulario-senhor-barriga;05---formulario---preencher-cadastro-e-salvar-e-salvar-demorado;;2",
        "after": [
          {
            "result": {
              "duration": 2968000000,
              "status": "passed"
            },
            "match": {
              "location": "br.sp.fmatos.appium.steps.Hooks.after(io.cucumber.java.Scenario)"
            }
          }
        ],
        "type": "scenario",
        "keyword": "Esquema do Cenario",
        "steps": [
          {
            "result": {
              "duration": 3000000,
              "status": "passed"
            },
            "line": 45,
            "name": "que o usuario esta no aplicativo Senhor Barriga em um dispositivo da device farm",
            "match": {
              "location": "br.sp.fmatos.appium.steps.CommonSteps.queOUsuarioEstaNoAplicativoSenhorBarrigaEmUmDispositivoDaDeviceFarm()"
            },
            "keyword": "Dado "
          },
          {
            "result": {
              "duration": 39306000000,
              "status": "passed"
            },
            "line": 46,
            "name": "clica na opcao \"Formulário\" do menu",
            "match": {
              "arguments": [
                {
                  "val": "\"Formulário\"",
                  "offset": 15
                }
              ],
              "location": "br.sp.fmatos.appium.steps.CommonSteps.clicaNaOpcaoDoMenu(java.lang.String)"
            },
            "keyword": "E "
          },
          {
            "result": {
              "duration": 1832000000,
              "status": "passed"
            },
            "line": 47,
            "name": "preenche o campo Nome com \"Fabio\"",
            "match": {
              "arguments": [
                {
                  "val": "\"Fabio\"",
                  "offset": 26
                }
              ],
              "location": "br.sp.fmatos.appium.steps.FormularioSteps.preencheOCampoNomeCom(java.lang.String)"
            },
            "keyword": "E "
          },
          {
            "result": {
              "duration": 2742000000,
              "status": "passed"
            },
            "line": 48,
            "name": "seleciona o videogame \"XBox One\" na lista de combo",
            "match": {
              "arguments": [
                {
                  "val": "\"XBox One\"",
                  "offset": 22
                }
              ],
              "location": "br.sp.fmatos.appium.steps.FormularioSteps.selecionaOVideogameNaListaDeCombo(java.lang.String)"
            },
            "keyword": "E "
          },
          {
            "result": {
              "duration": 500000000,
              "status": "passed"
            },
            "line": 49,
            "name": "clica no checkbox",
            "match": {
              "location": "br.sp.fmatos.appium.steps.FormularioSteps.clicaNoCheckbox()"
            },
            "keyword": "E "
          },
          {
            "result": {
              "duration": 918000000,
              "status": "passed"
            },
            "line": 50,
            "name": "clica no switch",
            "match": {
              "location": "br.sp.fmatos.appium.steps.FormularioSteps.clicaNoSwitch()"
            },
            "keyword": "E "
          },
          {
            "result": {
              "duration": 3222000000,
              "status": "passed"
            },
            "line": 51,
            "name": "clica no botao salvar \"Salvar Demorado\"",
            "match": {
              "arguments": [
                {
                  "val": "\"Salvar Demorado\"",
                  "offset": 22
                }
              ],
              "location": "br.sp.fmatos.appium.steps.FormularioSteps.clicaNoBotaoSalvar(java.lang.String)"
            },
            "keyword": "Quando "
          },
          {
            "result": {
              "duration": 3170000000,
              "status": "passed"
            },
            "line": 52,
            "name": "o nome \"Fabio\" deve estar sendo exibido na tela",
            "match": {
              "arguments": [
                {
                  "val": "\"Fabio\"",
                  "offset": 7
                }
              ],
              "location": "br.sp.fmatos.appium.steps.FormularioSteps.oNomeDeveEstarSendoExibidoNaTela(java.lang.String)"
            },
            "keyword": "Então "
          },
          {
            "result": {
              "duration": 499000000,
              "status": "passed"
            },
            "line": 53,
            "name": "o videogame \"XBox One\" deve estar sendo exibido na tela",
            "match": {
              "arguments": [
                {
                  "val": "\"XBox One\"",
                  "offset": 12
                }
              ],
              "location": "br.sp.fmatos.appium.steps.FormularioSteps.oVideogameDeveEstarSendoExibidoNaTela(java.lang.String)"
            },
            "keyword": "E "
          },
          {
            "result": {
              "duration": 200000000,
              "status": "passed"
            },
            "line": 54,
            "name": "o checkbox deve estar ativado",
            "match": {
              "location": "br.sp.fmatos.appium.steps.FormularioSteps.oCheckboxDeveEstarAtivado()"
            },
            "keyword": "E "
          },
          {
            "result": {
              "duration": 201000000,
              "status": "passed"
            },
            "line": 55,
            "name": "o switch deve estar desativado",
            "match": {
              "location": "br.sp.fmatos.appium.steps.FormularioSteps.oSwitchDeveEstarDesativado()"
            },
            "keyword": "E "
          }
        ],
        "tags": [
          {
            "name": "@formulario"
          }
        ]
      },
      {
        "start_timestamp": "2020-10-18T06:12:01.218Z",
        "before": [
          {
            "result": {
              "status": "passed"
            },
            "match": {
              "location": "br.sp.fmatos.appium.steps.Hooks.before(io.cucumber.java.Scenario)"
            }
          }
        ],
        "line": 60,
        "name": "05 - FORMULARIO - Preencher cadastro e Salvar e Salvar Demorado",
        "description": "",
        "id": "formulario-senhor-barriga;05---formulario---preencher-cadastro-e-salvar-e-salvar-demorado;;3",
        "after": [
          {
            "result": {
              "duration": 2581000000,
              "status": "passed"
            },
            "match": {
              "location": "br.sp.fmatos.appium.steps.Hooks.after(io.cucumber.java.Scenario)"
            }
          }
        ],
        "type": "scenario",
        "keyword": "Esquema do Cenario",
        "steps": [
          {
            "result": {
              "duration": 3000000,
              "status": "passed"
            },
            "line": 45,
            "name": "que o usuario esta no aplicativo Senhor Barriga em um dispositivo da device farm",
            "match": {
              "location": "br.sp.fmatos.appium.steps.CommonSteps.queOUsuarioEstaNoAplicativoSenhorBarrigaEmUmDispositivoDaDeviceFarm()"
            },
            "keyword": "Dado "
          },
          {
            "result": {
              "duration": 28038000000,
              "status": "passed"
            },
            "line": 46,
            "name": "clica na opcao \"Formulário\" do menu",
            "match": {
              "arguments": [
                {
                  "val": "\"Formulário\"",
                  "offset": 15
                }
              ],
              "location": "br.sp.fmatos.appium.steps.CommonSteps.clicaNaOpcaoDoMenu(java.lang.String)"
            },
            "keyword": "E "
          },
          {
            "result": {
              "duration": 954000000,
              "status": "passed"
            },
            "line": 47,
            "name": "preenche o campo Nome com \"Fabio\"",
            "match": {
              "arguments": [
                {
                  "val": "\"Fabio\"",
                  "offset": 26
                }
              ],
              "location": "br.sp.fmatos.appium.steps.FormularioSteps.preencheOCampoNomeCom(java.lang.String)"
            },
            "keyword": "E "
          },
          {
            "result": {
              "duration": 2830000000,
              "status": "passed"
            },
            "line": 48,
            "name": "seleciona o videogame \"Nintendo Switch\" na lista de combo",
            "match": {
              "arguments": [
                {
                  "val": "\"Nintendo Switch\"",
                  "offset": 22
                }
              ],
              "location": "br.sp.fmatos.appium.steps.FormularioSteps.selecionaOVideogameNaListaDeCombo(java.lang.String)"
            },
            "keyword": "E "
          },
          {
            "result": {
              "duration": 527000000,
              "status": "passed"
            },
            "line": 49,
            "name": "clica no checkbox",
            "match": {
              "location": "br.sp.fmatos.appium.steps.FormularioSteps.clicaNoCheckbox()"
            },
            "keyword": "E "
          },
          {
            "result": {
              "duration": 911000000,
              "status": "passed"
            },
            "line": 50,
            "name": "clica no switch",
            "match": {
              "location": "br.sp.fmatos.appium.steps.FormularioSteps.clicaNoSwitch()"
            },
            "keyword": "E "
          },
          {
            "result": {
              "duration": 3320000000,
              "status": "passed"
            },
            "line": 51,
            "name": "clica no botao salvar \"Salvar Demorado\"",
            "match": {
              "arguments": [
                {
                  "val": "\"Salvar Demorado\"",
                  "offset": 22
                }
              ],
              "location": "br.sp.fmatos.appium.steps.FormularioSteps.clicaNoBotaoSalvar(java.lang.String)"
            },
            "keyword": "Quando "
          },
          {
            "result": {
              "duration": 3164000000,
              "status": "passed"
            },
            "line": 52,
            "name": "o nome \"Fabio\" deve estar sendo exibido na tela",
            "match": {
              "arguments": [
                {
                  "val": "\"Fabio\"",
                  "offset": 7
                }
              ],
              "location": "br.sp.fmatos.appium.steps.FormularioSteps.oNomeDeveEstarSendoExibidoNaTela(java.lang.String)"
            },
            "keyword": "Então "
          },
          {
            "result": {
              "duration": 495000000,
              "status": "passed"
            },
            "line": 53,
            "name": "o videogame \"Nintendo Switch\" deve estar sendo exibido na tela",
            "match": {
              "arguments": [
                {
                  "val": "\"Nintendo Switch\"",
                  "offset": 12
                }
              ],
              "location": "br.sp.fmatos.appium.steps.FormularioSteps.oVideogameDeveEstarSendoExibidoNaTela(java.lang.String)"
            },
            "keyword": "E "
          },
          {
            "result": {
              "duration": 212000000,
              "status": "passed"
            },
            "line": 54,
            "name": "o checkbox deve estar ativado",
            "match": {
              "location": "br.sp.fmatos.appium.steps.FormularioSteps.oCheckboxDeveEstarAtivado()"
            },
            "keyword": "E "
          },
          {
            "result": {
              "duration": 194000000,
              "status": "passed"
            },
            "line": 55,
            "name": "o switch deve estar desativado",
            "match": {
              "location": "br.sp.fmatos.appium.steps.FormularioSteps.oSwitchDeveEstarDesativado()"
            },
            "keyword": "E "
          }
        ],
        "tags": [
          {
            "name": "@formulario"
          }
        ]
      }
    ],
    "name": "FORMULARIO SENHOR BARRIGA",
    "description": "",
    "id": "formulario-senhor-barriga",
    "keyword": "Funcionalidade",
    "uri": "file:src/main/resources/Formulario.feature",
    "tags": [
      {
        "name": "@formulario",
        "type": "Tag",
        "location": {
          "line": 2,
          "column": 1
        }
      }
    ]
  }
]